-- MySQL dump 10.13  Distrib 8.0.23, for Win64 (x86_64)
--
-- Host: localhost    Database: vk
-- ------------------------------------------------------
-- Server version	8.0.23

/*!40101 SET @OLD_CHARACTER_SET_CLIENT=@@CHARACTER_SET_CLIENT */;
/*!40101 SET @OLD_CHARACTER_SET_RESULTS=@@CHARACTER_SET_RESULTS */;
/*!40101 SET @OLD_COLLATION_CONNECTION=@@COLLATION_CONNECTION */;
/*!50503 SET NAMES utf8mb4 */;
/*!40103 SET @OLD_TIME_ZONE=@@TIME_ZONE */;
/*!40103 SET TIME_ZONE='+00:00' */;
/*!40014 SET @OLD_UNIQUE_CHECKS=@@UNIQUE_CHECKS, UNIQUE_CHECKS=0 */;
/*!40014 SET @OLD_FOREIGN_KEY_CHECKS=@@FOREIGN_KEY_CHECKS, FOREIGN_KEY_CHECKS=0 */;
/*!40101 SET @OLD_SQL_MODE=@@SQL_MODE, SQL_MODE='NO_AUTO_VALUE_ON_ZERO' */;
/*!40111 SET @OLD_SQL_NOTES=@@SQL_NOTES, SQL_NOTES=0 */;

--
-- Table structure for table `communities`
--

DROP TABLE IF EXISTS `communities`;
/*!40101 SET @saved_cs_client     = @@character_set_client */;
/*!50503 SET character_set_client = utf8mb4 */;
CREATE TABLE `communities` (
  `id` int unsigned NOT NULL AUTO_INCREMENT,
  `name` varchar(150) CHARACTER SET utf8mb4 COLLATE utf8mb4_unicode_ci NOT NULL,
  `created_at` datetime DEFAULT CURRENT_TIMESTAMP,
  `updated_at` datetime DEFAULT CURRENT_TIMESTAMP ON UPDATE CURRENT_TIMESTAMP,
  PRIMARY KEY (`id`),
  UNIQUE KEY `name` (`name`)
) ENGINE=InnoDB AUTO_INCREMENT=101 DEFAULT CHARSET=utf8mb4 COLLATE=utf8mb4_unicode_ci;
/*!40101 SET character_set_client = @saved_cs_client */;

--
-- Dumping data for table `communities`
--

LOCK TABLES `communities` WRITE;
/*!40000 ALTER TABLE `communities` DISABLE KEYS */;
INSERT INTO `communities` VALUES (1,'animi','2015-08-25 15:25:48','2017-12-19 06:55:03'),(2,'officia','2013-01-14 00:09:16','2016-06-26 13:39:56'),(3,'est','2013-07-26 07:22:59','2021-04-18 18:44:46'),(4,'aut','2015-03-05 01:50:44','2020-10-02 21:50:29'),(5,'ipsum','2016-04-20 17:05:30','2015-05-20 18:24:02'),(6,'eaque','2013-02-08 00:07:25','2016-10-12 16:20:49'),(7,'fugit','2017-06-01 01:29:59','2018-09-16 14:10:51'),(8,'quos','2019-03-01 20:51:21','2015-12-27 05:15:54'),(9,'aspernatur','2012-01-06 21:40:45','2021-04-08 23:33:26'),(10,'neque','2012-10-05 20:05:21','2021-02-23 23:52:36'),(11,'quis','2020-07-12 02:06:55','2012-05-16 09:36:07'),(12,'quia','2012-03-02 19:39:00','2012-10-25 19:23:02'),(13,'et','2015-05-24 00:36:59','2018-10-29 17:32:52'),(14,'non','2011-06-08 14:52:57','2016-01-14 22:45:12'),(15,'laborum','2019-09-15 01:05:45','2012-05-23 04:48:39'),(16,'ut','2013-12-02 11:28:27','2021-01-24 22:22:39'),(17,'voluptatem','2013-07-05 00:41:11','2014-07-18 05:56:42'),(18,'vero','2013-03-05 01:58:17','2017-05-20 03:13:04'),(19,'magni','2013-04-14 00:40:16','2018-04-07 03:31:26'),(20,'ullam','2021-02-24 16:07:41','2014-05-29 20:31:09'),(21,'ea','2012-08-11 17:25:30','2014-06-12 23:42:42'),(22,'nulla','2012-09-21 16:33:23','2019-12-20 09:27:59'),(23,'labore','2011-09-27 11:54:03','2014-06-29 10:49:43'),(24,'unde','2017-09-08 04:30:21','2011-10-23 13:21:03'),(25,'porro','2015-05-05 00:11:33','2019-07-05 03:47:04'),(26,'molestiae','2014-07-31 16:33:15','2020-05-19 03:26:10'),(27,'a','2021-04-15 06:26:09','2013-05-31 21:25:14'),(28,'molestias','2020-11-02 01:11:00','2019-01-26 20:46:10'),(29,'consectetur','2018-08-11 09:33:08','2020-05-30 11:46:14'),(30,'in','2015-05-13 20:40:48','2016-07-05 23:35:19');
/*!40000 ALTER TABLE `communities` ENABLE KEYS */;
UNLOCK TABLES;

--
-- Table structure for table `communities_users`
--

DROP TABLE IF EXISTS `communities_users`;
/*!40101 SET @saved_cs_client     = @@character_set_client */;
/*!50503 SET character_set_client = utf8mb4 */;
CREATE TABLE `communities_users` (
  `community_id` int unsigned NOT NULL,
  `user_id` int unsigned NOT NULL,
  `created_at` datetime DEFAULT CURRENT_TIMESTAMP,
  PRIMARY KEY (`community_id`,`user_id`)
) ENGINE=InnoDB DEFAULT CHARSET=utf8mb4 COLLATE=utf8mb4_unicode_ci;
/*!40101 SET character_set_client = @saved_cs_client */;

--
-- Dumping data for table `communities_users`
--

LOCK TABLES `communities_users` WRITE;
/*!40000 ALTER TABLE `communities_users` DISABLE KEYS */;
INSERT INTO `communities_users` VALUES (1,1,'2015-10-22 20:04:16'),(1,62,'2020-08-12 08:58:27'),(2,29,'2019-07-10 02:39:48'),(3,50,'2017-11-16 20:44:19'),(4,6,'2016-05-11 17:12:36'),(4,11,'2019-10-19 05:03:13'),(4,16,'2017-12-01 02:06:48'),(4,40,'2018-02-03 12:37:50'),(4,83,'2011-07-11 14:45:24'),(4,86,'2020-07-24 03:25:38'),(5,57,'2017-10-29 21:32:59'),(6,64,'2016-11-06 10:55:09'),(7,16,'2012-02-17 06:11:09'),(8,10,'2011-05-02 18:19:54'),(8,35,'2011-10-05 09:31:36'),(8,38,'2015-09-28 03:00:29'),(8,85,'2011-07-24 11:33:21'),(9,92,'2019-09-27 22:44:55'),(9,93,'2019-11-16 10:59:40'),(11,22,'2016-07-24 18:50:54'),(11,66,'2012-10-27 02:09:32'),(11,99,'2014-01-31 18:16:55'),(12,19,'2018-12-18 04:43:36'),(12,22,'2011-11-12 04:17:33'),(12,28,'2013-11-03 12:49:42'),(12,48,'2016-02-21 23:42:58'),(12,49,'2011-09-07 02:37:11'),(13,14,'2014-06-17 06:17:39'),(13,15,'2017-09-27 19:49:36'),(13,65,'2020-11-11 04:52:27'),(14,49,'2014-08-13 07:07:58'),(14,54,'2016-07-15 17:43:38'),(14,87,'2012-09-25 15:36:00'),(14,90,'2016-07-07 11:28:38'),(15,82,'2012-05-06 16:08:59'),(17,53,'2013-06-10 19:37:07'),(17,76,'2011-09-26 06:20:18'),(18,10,'2018-01-04 21:59:22'),(18,67,'2016-12-28 07:17:43'),(19,4,'2015-08-15 12:48:58'),(19,8,'2019-05-22 01:43:16'),(19,72,'2014-05-22 11:54:40'),(20,47,'2017-05-17 15:09:35'),(20,82,'2019-06-01 16:12:56'),(20,88,'2013-08-20 06:57:32'),(21,14,'2019-12-19 13:30:38'),(21,15,'2018-09-27 02:58:26'),(21,33,'2020-03-30 19:58:41'),(21,81,'2021-02-15 12:26:30'),(22,91,'2012-08-15 23:16:17'),(23,14,'2016-07-25 20:21:27'),(23,70,'2016-06-18 02:37:26'),(24,9,'2014-10-29 03:12:26'),(24,55,'2020-03-14 02:54:21'),(26,70,'2012-12-16 16:08:10'),(27,69,'2016-06-27 14:50:31'),(28,10,'2012-06-04 13:35:56'),(28,57,'2014-12-02 01:27:49'),(28,93,'2013-03-22 06:17:02'),(29,16,'2020-01-26 10:10:00'),(29,25,'2019-08-23 07:30:51'),(29,26,'2017-03-12 08:53:28'),(29,66,'2020-09-12 19:33:02'),(29,67,'2020-05-25 19:50:08'),(30,2,'2014-08-25 06:02:16'),(30,32,'2013-07-03 10:50:03'),(30,92,'2019-04-04 20:14:58'),(30,99,'2015-10-18 18:47:52');
/*!40000 ALTER TABLE `communities_users` ENABLE KEYS */;
UNLOCK TABLES;

--
-- Table structure for table `friendship`
--

DROP TABLE IF EXISTS `friendship`;
/*!40101 SET @saved_cs_client     = @@character_set_client */;
/*!50503 SET character_set_client = utf8mb4 */;
CREATE TABLE `friendship` (
  `user_id` int unsigned NOT NULL,
  `friend_id` int unsigned NOT NULL,
  `friendship_status_id` int unsigned NOT NULL,
  `confirmed_at` datetime DEFAULT NULL,
  `created_at` datetime DEFAULT CURRENT_TIMESTAMP,
  `updated_at` datetime DEFAULT CURRENT_TIMESTAMP ON UPDATE CURRENT_TIMESTAMP,
  PRIMARY KEY (`user_id`,`friend_id`)
) ENGINE=InnoDB DEFAULT CHARSET=utf8mb4 COLLATE=utf8mb4_unicode_ci;
/*!40101 SET character_set_client = @saved_cs_client */;

--
-- Dumping data for table `friendship`
--

LOCK TABLES `friendship` WRITE;
/*!40000 ALTER TABLE `friendship` DISABLE KEYS */;
INSERT INTO `friendship` VALUES (4,74,1,'2016-04-02 22:55:56','2016-07-15 19:46:47','2021-04-28 21:27:52'),(6,60,2,'2013-04-05 15:45:58','2014-09-12 22:04:23','2021-04-28 21:22:32'),(6,100,2,'2012-07-14 05:52:15','2012-07-14 05:52:15','2021-04-28 21:33:13'),(7,55,3,'2020-03-12 19:02:06','2013-08-29 05:34:30','2021-04-28 21:27:52'),(8,27,3,'2013-03-10 23:30:31','2012-11-09 17:35:10','2021-04-28 21:27:52'),(9,41,2,'2014-11-18 00:54:06','2017-04-28 18:15:17','2021-04-28 21:27:52'),(10,77,1,'2013-10-10 17:04:29','2017-06-08 11:11:38','2021-04-28 21:27:52'),(13,4,3,'2012-06-23 00:58:56','2017-05-09 21:40:47','2021-04-28 21:27:52'),(14,7,3,'2019-10-01 09:36:54','2017-09-13 18:12:13','2021-04-28 21:27:52'),(14,26,1,'2012-07-05 21:13:54','2019-12-29 20:21:58','2021-04-28 21:27:52'),(17,55,3,'2019-07-15 09:37:23','2011-08-30 12:16:07','2021-04-28 21:27:52'),(17,81,2,'2012-05-14 03:18:07','2012-05-07 20:55:11','2021-04-28 21:27:52'),(18,14,3,'2013-01-28 19:36:53','2012-01-05 14:15:43','2021-04-28 21:27:52'),(19,91,2,'2018-03-28 21:51:14','2019-07-13 15:23:36','2021-04-28 21:27:52'),(21,5,3,'2019-08-02 12:10:35','2017-06-23 01:52:31','2021-04-28 21:27:52'),(24,55,1,'2021-04-09 01:42:04','2014-08-03 10:34:24','2021-04-28 21:27:52'),(24,56,2,'2013-09-08 14:13:08','2014-04-01 09:30:26','2021-04-28 21:27:52'),(27,84,2,'2020-11-08 18:03:48','2018-04-29 21:04:01','2021-04-28 21:27:52'),(29,20,2,'2012-09-30 21:22:36','2014-07-09 01:04:58','2021-04-28 21:27:52'),(30,2,1,'2015-04-02 05:39:32','2020-08-11 02:48:10','2021-04-28 21:27:52'),(30,55,1,'2019-10-02 10:03:28','2016-01-01 10:44:32','2021-04-28 21:27:52'),(32,79,2,'2013-09-14 20:21:56','2013-11-28 23:40:40','2021-04-28 21:22:32'),(39,43,3,'2018-07-10 08:51:22','2014-02-15 23:54:31','2021-04-28 21:27:52'),(41,87,2,'2021-01-29 18:49:10','2020-09-18 11:28:06','2021-04-28 21:27:52'),(42,57,1,'2015-03-04 15:33:12','2020-07-08 12:56:58','2021-04-28 21:27:52'),(45,22,3,'2017-04-25 12:06:41','2013-04-27 14:24:09','2021-04-28 21:27:52'),(45,94,3,'2018-12-02 02:16:28','2016-06-26 01:45:05','2021-04-28 21:27:52'),(46,61,1,'2016-03-01 01:52:06','2013-12-14 12:50:30','2021-04-28 21:27:52'),(46,66,3,'2016-06-24 03:14:28','2016-02-08 06:01:06','2021-04-28 21:27:52'),(48,46,1,'2015-09-17 01:37:37','2015-07-02 06:31:41','2021-04-28 21:27:52'),(48,75,1,'2019-03-31 16:40:26','2014-11-02 20:46:49','2021-04-28 21:27:52'),(49,6,2,'2015-03-29 07:12:50','2012-08-02 01:27:44','2021-04-28 21:27:52'),(53,1,2,'2016-06-05 05:21:19','2017-08-19 10:05:57','2021-04-28 21:27:52'),(53,21,3,'2016-06-28 01:14:12','2019-08-22 19:16:29','2021-04-28 21:27:52'),(55,45,3,'2013-10-11 10:32:24','2011-08-04 19:32:55','2021-04-28 21:27:52'),(56,47,1,'2016-10-05 05:38:18','2011-09-02 01:14:36','2021-04-28 21:27:52'),(57,64,2,'2016-07-12 06:29:23','2018-09-25 22:45:26','2021-04-28 21:27:52'),(60,30,3,'2016-04-22 09:06:50','2018-03-03 10:10:07','2021-04-28 21:27:52'),(61,38,2,'2015-03-09 00:36:42','2011-07-15 09:47:33','2021-04-28 21:27:52'),(61,89,3,'2020-02-04 09:49:25','2017-09-24 09:11:17','2021-04-28 21:27:52'),(62,1,2,'2015-06-17 21:17:42','2021-01-10 06:33:39','2021-04-28 21:27:52'),(62,69,1,'2012-10-21 14:32:03','2015-11-19 02:10:53','2021-04-28 21:27:52'),(65,83,2,'2016-08-24 14:10:58','2013-11-28 13:16:53','2021-04-28 21:27:52'),(65,99,1,'2011-11-12 17:35:12','2013-03-07 01:09:36','2021-04-28 21:22:32'),(67,43,2,'2011-08-02 13:27:38','2021-04-13 13:36:27','2021-04-28 21:27:52'),(68,82,2,'2020-10-22 05:16:31','2020-09-30 08:39:59','2021-04-28 21:27:52'),(70,11,3,'2013-01-21 23:30:35','2012-05-18 00:59:46','2021-04-28 21:27:52'),(70,66,1,'2015-10-01 04:40:30','2015-05-31 12:21:48','2021-04-28 21:27:52'),(72,1,2,'2014-02-27 22:25:21','2013-02-25 13:36:27','2021-04-28 21:27:52'),(72,41,3,'2012-10-18 17:32:11','2017-01-26 09:50:52','2021-04-28 21:22:32'),(74,4,2,'2018-08-26 20:09:24','2013-05-12 19:41:11','2021-04-28 21:27:52'),(75,55,3,'2015-08-02 01:49:55','2011-06-01 14:13:39','2021-04-28 21:27:52'),(77,25,1,'2011-10-05 17:00:10','2015-02-14 09:32:51','2021-04-28 21:27:52'),(78,79,3,'2016-12-30 00:03:18','2020-02-17 11:16:14','2021-04-28 21:27:52'),(80,92,2,'2015-04-21 05:39:15','2012-03-20 20:06:14','2021-04-28 21:27:52'),(82,91,3,'2012-05-01 09:39:39','2019-03-30 16:11:18','2021-04-28 21:27:52'),(83,16,1,'2018-10-11 10:11:37','2013-04-13 06:51:12','2021-04-28 21:27:52'),(84,39,3,'2016-02-14 17:58:13','2021-01-26 22:15:31','2021-04-28 21:27:52'),(84,56,1,'2018-01-29 23:54:30','2011-05-25 22:22:43','2021-04-28 21:27:52'),(87,7,3,'2013-06-22 00:02:40','2020-06-18 18:34:07','2021-04-28 21:27:52'),(87,12,2,'2018-10-21 12:38:51','2013-11-21 06:16:12','2021-04-28 21:27:52'),(88,34,2,'2019-03-28 09:44:39','2021-01-09 23:27:46','2021-04-28 21:22:32'),(88,99,2,'2020-05-30 12:46:07','2016-04-30 17:19:59','2021-04-28 21:27:52'),(90,53,2,'2015-09-28 04:54:01','2017-03-08 18:45:51','2021-04-28 21:27:52'),(91,76,2,'2012-04-26 07:43:04','2016-10-08 13:54:59','2021-04-28 21:27:52'),(92,83,2,'2020-09-15 23:22:12','2020-11-03 01:22:40','2021-04-28 21:27:52'),(93,46,1,'2017-12-30 14:37:52','2018-12-25 08:12:18','2021-04-28 21:27:52'),(94,9,1,'2011-07-21 17:10:20','2018-08-05 05:03:02','2021-04-28 21:27:52'),(96,53,1,'2014-09-02 15:08:58','2015-12-08 06:27:21','2021-04-28 21:27:52'),(96,83,2,'2019-01-07 12:08:34','2020-02-08 07:00:03','2021-04-28 21:27:52'),(97,12,2,'2013-02-17 01:39:29','2013-06-24 23:50:35','2021-04-28 21:27:52'),(98,52,2,'2013-08-06 16:07:39','2015-07-24 06:17:00','2021-04-28 21:27:52'),(98,54,2,'2014-12-29 23:52:05','2014-09-01 09:01:17','2021-04-28 21:27:52'),(98,76,3,'2017-03-04 08:17:13','2020-10-09 19:57:53','2021-04-28 21:27:52'),(99,89,2,'2015-09-15 10:08:28','2019-09-29 19:54:45','2021-04-28 21:27:52'),(100,36,1,'2018-06-04 18:11:31','2021-04-16 06:31:02','2021-04-28 21:27:52');
/*!40000 ALTER TABLE `friendship` ENABLE KEYS */;
UNLOCK TABLES;

--
-- Table structure for table `friendship_statuses`
--

DROP TABLE IF EXISTS `friendship_statuses`;
/*!40101 SET @saved_cs_client     = @@character_set_client */;
/*!50503 SET character_set_client = utf8mb4 */;
CREATE TABLE `friendship_statuses` (
  `id` int unsigned NOT NULL AUTO_INCREMENT,
  `name` varchar(150) CHARACTER SET utf8mb4 COLLATE utf8mb4_unicode_ci NOT NULL,
  `created_at` datetime DEFAULT CURRENT_TIMESTAMP,
  `updated_at` datetime DEFAULT CURRENT_TIMESTAMP ON UPDATE CURRENT_TIMESTAMP,
  PRIMARY KEY (`id`),
  UNIQUE KEY `name` (`name`)
) ENGINE=InnoDB AUTO_INCREMENT=4 DEFAULT CHARSET=utf8mb4 COLLATE=utf8mb4_unicode_ci;
/*!40101 SET character_set_client = @saved_cs_client */;

--
-- Dumping data for table `friendship_statuses`
--

LOCK TABLES `friendship_statuses` WRITE;
/*!40000 ALTER TABLE `friendship_statuses` DISABLE KEYS */;
INSERT INTO `friendship_statuses` VALUES (1,'Requested','2021-04-28 21:26:56','2021-04-28 21:26:56'),(2,'Confirmed','2021-04-28 21:26:56','2021-04-28 21:26:56'),(3,'Rejected','2021-04-28 21:26:56','2021-04-28 21:26:56');
/*!40000 ALTER TABLE `friendship_statuses` ENABLE KEYS */;
UNLOCK TABLES;

--
-- Table structure for table `media`
--

DROP TABLE IF EXISTS `media`;
/*!40101 SET @saved_cs_client     = @@character_set_client */;
/*!50503 SET character_set_client = utf8mb4 */;
CREATE TABLE `media` (
  `id` int unsigned NOT NULL AUTO_INCREMENT,
  `user_id` int unsigned NOT NULL,
  `filename` varchar(255) CHARACTER SET utf8mb4 COLLATE utf8mb4_unicode_ci NOT NULL,
  `size` int NOT NULL,
  `metadata` json DEFAULT NULL,
  `media_type_id` int unsigned NOT NULL,
  `created_at` datetime DEFAULT CURRENT_TIMESTAMP,
  `updated_at` datetime DEFAULT CURRENT_TIMESTAMP ON UPDATE CURRENT_TIMESTAMP,
  PRIMARY KEY (`id`),
  CONSTRAINT `media_chk_1` CHECK (json_valid(`metadata`))
) ENGINE=InnoDB AUTO_INCREMENT=101 DEFAULT CHARSET=utf8mb4 COLLATE=utf8mb4_unicode_ci;
/*!40101 SET character_set_client = @saved_cs_client */;

--
-- Dumping data for table `media`
--

LOCK TABLES `media` WRITE;
/*!40000 ALTER TABLE `media` DISABLE KEYS */;
INSERT INTO `media` VALUES (1,83,'http://dropbox.com/vk/tenetur.mp3',8319312,'{\"owner\": \"Keaton Botsford\"}',3,'2020-05-31 11:07:56','2021-04-28 21:17:58'),(2,36,'http://dropbox.com/vk/molestiae.mp3',2979885,'{\"owner\": \"Lambert Gutkowski\"}',1,'2018-02-02 20:17:06','2021-04-28 21:17:58'),(3,32,'http://dropbox.com/vk/et.png',9931493,'{\"owner\": \"Ally Mohr\"}',2,'2014-06-16 18:10:00','2021-04-28 21:17:58'),(4,52,'http://dropbox.com/vk/rem.png',707808,'{\"owner\": \"Annabelle Kub\"}',2,'2018-11-16 09:07:45','2021-04-28 21:17:58'),(5,61,'http://dropbox.com/vk/dicta.png',80900765,'{\"owner\": \"Benedict Hane\"}',1,'2016-05-19 04:35:54','2021-04-28 21:17:58'),(6,52,'http://dropbox.com/vk/ab.avi',3734565,'{\"owner\": \"Annabelle Kub\"}',1,'2018-11-16 09:54:34','2021-04-28 21:17:58'),(7,74,'http://dropbox.com/vk/qui.png',6539400,'{\"owner\": \"Easton Goodwin\"}',3,'2019-02-27 18:06:47','2021-04-28 21:17:58'),(8,13,'http://dropbox.com/vk/officia.mp3',523937,'{\"owner\": \"Terry Heidenreich\"}',1,'2019-11-15 03:54:25','2021-04-28 21:17:58'),(9,44,'http://dropbox.com/vk/necessitatibus.mp3',83412,'{\"owner\": \"Fletcher Hansen\"}',3,'2014-05-27 11:26:00','2021-04-28 21:17:58'),(10,80,'http://dropbox.com/vk/velit.avi',1483307,'{\"owner\": \"Tillman Ziemann\"}',2,'2017-08-22 16:06:22','2021-04-28 21:17:58'),(11,66,'http://dropbox.com/vk/adipisci.png',7788336,'{\"owner\": \"Jacquelyn Gaylord\"}',3,'2016-10-08 00:36:50','2021-04-28 21:17:58'),(12,92,'http://dropbox.com/vk/quia.avi',23063870,'{\"owner\": \"Rahul Skiles\"}',3,'2018-10-02 09:30:38','2021-04-28 21:17:58'),(13,59,'http://dropbox.com/vk/rem.mp4',4481760,'{\"owner\": \"Jettie Torp\"}',2,'2021-01-04 05:50:53','2021-04-28 21:17:58'),(14,19,'http://dropbox.com/vk/laborum.png',9033793,'{\"owner\": \"Madge Casper\"}',3,'2015-12-23 04:47:29','2021-04-28 21:17:58'),(15,17,'http://dropbox.com/vk/atque.avi',887284,'{\"owner\": \"Freddy Cummerata\"}',2,'2015-07-27 05:45:01','2021-04-28 21:17:58'),(16,29,'http://dropbox.com/vk/est.mp3',147804597,'{\"owner\": \"Ashtyn Kessler\"}',2,'2013-05-16 09:05:52','2021-04-28 21:17:58'),(17,95,'http://dropbox.com/vk/rerum.mp3',24276288,'{\"owner\": \"Janie Sanford\"}',1,'2015-02-23 15:02:11','2021-04-28 21:17:58'),(18,86,'http://dropbox.com/vk/non.mp4',679526,'{\"owner\": \"Luciano Gutkowski\"}',3,'2018-03-19 00:11:43','2021-04-28 21:17:58'),(19,44,'http://dropbox.com/vk/quae.avi',6969396,'{\"owner\": \"Fletcher Hansen\"}',2,'2016-04-14 07:41:38','2021-04-28 21:17:58'),(20,62,'http://dropbox.com/vk/non.png',1713684,'{\"owner\": \"Alysa Herzog\"}',2,'2018-07-11 19:59:34','2021-04-28 21:17:58'),(21,76,'http://dropbox.com/vk/beatae.mp3',424230,'{\"owner\": \"Pansy Ratke\"}',3,'2011-07-02 06:13:01','2021-04-28 21:17:58'),(22,96,'http://dropbox.com/vk/quod.mp4',1457043,'{\"owner\": \"Althea Gibson\"}',2,'2019-05-12 06:47:15','2021-04-28 21:17:58'),(23,51,'http://dropbox.com/vk/aut.avi',2134164,'{\"owner\": \"Brittany Murazik\"}',1,'2014-06-12 08:01:05','2021-04-28 21:17:58'),(24,64,'http://dropbox.com/vk/officia.mp3',61961543,'{\"owner\": \"Frances Russel\"}',1,'2018-11-21 21:00:25','2021-04-28 21:17:58'),(25,69,'http://dropbox.com/vk/adipisci.mp3',6289693,'{\"owner\": \"Buford Fadel\"}',1,'2012-05-30 10:28:37','2021-04-28 21:17:58'),(26,54,'http://dropbox.com/vk/totam.mp4',5035973,'{\"owner\": \"Meda Erdman\"}',3,'2013-12-13 03:41:32','2021-04-28 21:17:58'),(27,59,'http://dropbox.com/vk/ullam.mp3',6300789,'{\"owner\": \"Jettie Torp\"}',1,'2018-09-28 17:21:06','2021-04-28 21:17:58'),(28,35,'http://dropbox.com/vk/numquam.mp4',6386024,'{\"owner\": \"Abigail Bayer\"}',1,'2019-05-02 23:47:18','2021-04-28 21:17:58'),(29,99,'http://dropbox.com/vk/sit.png',3017754,'{\"owner\": \"Eunice Dietrich\"}',3,'2015-01-06 14:59:33','2021-04-28 21:17:58'),(30,86,'http://dropbox.com/vk/vel.mp4',5920700,'{\"owner\": \"Luciano Gutkowski\"}',2,'2013-10-01 13:32:46','2021-04-28 21:17:58'),(31,33,'http://dropbox.com/vk/culpa.avi',22814819,'{\"owner\": \"Rex Purdy\"}',3,'2011-09-08 23:36:07','2021-04-28 21:17:58'),(32,8,'http://dropbox.com/vk/et.mp3',954647867,'{\"owner\": \"Hulda Bahringer\"}',3,'2019-08-25 12:01:16','2021-04-28 21:17:58'),(33,40,'http://dropbox.com/vk/at.mp4',215875,'{\"owner\": \"Shana Cummings\"}',2,'2012-11-12 09:35:05','2021-04-28 21:17:58'),(34,76,'http://dropbox.com/vk/mollitia.mp3',430571,'{\"owner\": \"Pansy Ratke\"}',3,'2018-08-09 21:02:03','2021-04-28 21:17:58'),(35,60,'http://dropbox.com/vk/eius.mp3',540239,'{\"owner\": \"Makenzie Bergnaum\"}',3,'2019-08-09 14:26:31','2021-04-28 21:17:58'),(36,71,'http://dropbox.com/vk/ipsa.mp4',4929096,'{\"owner\": \"Alvina Bruen\"}',2,'2020-05-01 17:28:45','2021-04-28 21:17:58'),(37,73,'http://dropbox.com/vk/eius.mp4',420728,'{\"owner\": \"Terrill West\"}',1,'2020-04-19 15:03:08','2021-04-28 21:17:58'),(38,54,'http://dropbox.com/vk/qui.mp3',49925,'{\"owner\": \"Meda Erdman\"}',3,'2017-12-07 18:07:05','2021-04-28 21:17:58'),(39,48,'http://dropbox.com/vk/ad.png',473264325,'{\"owner\": \"Alana McDermott\"}',2,'2020-06-04 17:06:28','2021-04-28 21:17:58'),(40,79,'http://dropbox.com/vk/in.mp4',3014763,'{\"owner\": \"Brandyn Sawayn\"}',3,'2014-05-26 20:07:09','2021-04-28 21:17:58'),(41,49,'http://dropbox.com/vk/pariatur.png',276529,'{\"owner\": \"Esther Schowalter\"}',2,'2020-08-11 19:34:25','2021-04-28 21:17:58'),(42,9,'http://dropbox.com/vk/qui.mp3',2328358,'{\"owner\": \"Christopher Waelchi\"}',2,'2017-06-05 07:24:09','2021-04-28 21:17:58'),(43,99,'http://dropbox.com/vk/qui.avi',632865,'{\"owner\": \"Eunice Dietrich\"}',1,'2016-03-02 05:50:00','2021-04-28 21:17:58'),(44,64,'http://dropbox.com/vk/aut.mp4',333875697,'{\"owner\": \"Frances Russel\"}',2,'2016-08-10 08:11:56','2021-04-28 21:17:58'),(45,24,'http://dropbox.com/vk/atque.mp4',87691,'{\"owner\": \"Kaci Sipes\"}',3,'2019-10-06 23:12:12','2021-04-28 21:17:58'),(46,27,'http://dropbox.com/vk/dolores.avi',802201,'{\"owner\": \"Rolando Herzog\"}',2,'2019-04-08 10:14:19','2021-04-28 21:17:58'),(47,63,'http://dropbox.com/vk/doloremque.avi',795171,'{\"owner\": \"Webster Bernhard\"}',2,'2019-06-01 01:34:44','2021-04-28 21:17:58'),(48,32,'http://dropbox.com/vk/voluptate.png',84554,'{\"owner\": \"Ally Mohr\"}',1,'2020-03-18 04:15:32','2021-04-28 21:17:58'),(49,71,'http://dropbox.com/vk/omnis.png',7015934,'{\"owner\": \"Alvina Bruen\"}',1,'2018-06-10 21:16:19','2021-04-28 21:17:58'),(50,58,'http://dropbox.com/vk/itaque.mp4',2663065,'{\"owner\": \"Leonardo Ebert\"}',2,'2012-04-28 00:59:01','2021-04-28 21:17:58'),(51,77,'http://dropbox.com/vk/libero.mp4',2257527,'{\"owner\": \"Laurence Hilpert\"}',3,'2011-11-13 02:04:01','2021-04-28 21:17:58'),(52,9,'http://dropbox.com/vk/magnam.mp3',3288438,'{\"owner\": \"Christopher Waelchi\"}',3,'2016-10-13 14:09:13','2021-04-28 21:17:58'),(53,15,'http://dropbox.com/vk/corporis.avi',9659610,'{\"owner\": \"Jaunita Marvin\"}',2,'2011-09-12 07:23:34','2021-04-28 21:17:58'),(54,49,'http://dropbox.com/vk/et.png',8422737,'{\"owner\": \"Esther Schowalter\"}',2,'2020-08-24 14:39:54','2021-04-28 21:17:58'),(55,97,'http://dropbox.com/vk/porro.avi',3124857,'{\"owner\": \"Liam Powlowski\"}',3,'2015-09-02 18:32:58','2021-04-28 21:17:58'),(56,37,'http://dropbox.com/vk/aut.png',346072,'{\"owner\": \"Monserrat Kilback\"}',2,'2015-10-11 16:31:37','2021-04-28 21:17:58'),(57,92,'http://dropbox.com/vk/odio.mp3',2345793,'{\"owner\": \"Rahul Skiles\"}',3,'2016-12-10 05:05:44','2021-04-28 21:17:58'),(58,52,'http://dropbox.com/vk/ea.avi',5915578,'{\"owner\": \"Annabelle Kub\"}',1,'2012-08-13 22:26:22','2021-04-28 21:17:58'),(59,84,'http://dropbox.com/vk/occaecati.mp3',14087654,'{\"owner\": \"Aileen Torp\"}',1,'2016-12-18 17:12:16','2021-04-28 21:17:58'),(60,61,'http://dropbox.com/vk/cumque.mp3',51304855,'{\"owner\": \"Benedict Hane\"}',1,'2013-06-03 22:49:12','2021-04-28 21:17:58'),(61,53,'http://dropbox.com/vk/perferendis.mp3',680749,'{\"owner\": \"Joana Nikolaus\"}',2,'2015-06-12 21:58:34','2021-04-28 21:17:58'),(62,84,'http://dropbox.com/vk/ut.mp4',84366,'{\"owner\": \"Aileen Torp\"}',1,'2020-09-04 08:40:43','2021-04-28 21:17:58'),(63,57,'http://dropbox.com/vk/qui.mp4',6356368,'{\"owner\": \"Everett Lehner\"}',2,'2020-02-19 19:44:41','2021-04-28 21:17:58'),(64,33,'http://dropbox.com/vk/sunt.mp4',76821,'{\"owner\": \"Rex Purdy\"}',1,'2012-10-22 14:13:15','2021-04-28 21:17:58'),(65,95,'http://dropbox.com/vk/repudiandae.mp4',9729591,'{\"owner\": \"Janie Sanford\"}',2,'2015-12-02 09:27:22','2021-04-28 21:17:58'),(66,76,'http://dropbox.com/vk/amet.avi',9568853,'{\"owner\": \"Pansy Ratke\"}',3,'2015-10-04 23:05:52','2021-04-28 21:17:58'),(67,96,'http://dropbox.com/vk/facilis.png',8645494,'{\"owner\": \"Althea Gibson\"}',1,'2016-10-31 03:16:52','2021-04-28 21:17:58'),(68,49,'http://dropbox.com/vk/rerum.png',490856640,'{\"owner\": \"Esther Schowalter\"}',1,'2013-02-01 19:22:58','2021-04-28 21:17:58'),(69,57,'http://dropbox.com/vk/delectus.mp3',4510913,'{\"owner\": \"Everett Lehner\"}',2,'2012-12-23 10:40:32','2021-04-28 21:17:58'),(70,40,'http://dropbox.com/vk/et.mp4',89840372,'{\"owner\": \"Shana Cummings\"}',3,'2017-06-30 00:07:55','2021-04-28 21:17:58'),(71,25,'http://dropbox.com/vk/rerum.avi',6608081,'{\"owner\": \"Vincent Oberbrunner\"}',1,'2017-09-24 00:27:31','2021-04-28 21:17:58'),(72,5,'http://dropbox.com/vk/qui.avi',62282898,'{\"owner\": \"Lula Stanton\"}',1,'2012-07-02 04:04:18','2021-04-28 21:17:58'),(73,49,'http://dropbox.com/vk/voluptas.png',9497669,'{\"owner\": \"Esther Schowalter\"}',1,'2019-09-29 07:33:34','2021-04-28 21:17:58'),(74,30,'http://dropbox.com/vk/et.avi',7654103,'{\"owner\": \"Dell Schimmel\"}',2,'2016-03-05 07:38:54','2021-04-28 21:17:58'),(75,4,'http://dropbox.com/vk/eos.png',9767506,'{\"owner\": \"Quincy Schumm\"}',3,'2018-04-24 10:07:31','2021-04-28 21:17:58'),(76,27,'http://dropbox.com/vk/nam.mp3',5865223,'{\"owner\": \"Rolando Herzog\"}',2,'2016-08-28 04:55:31','2021-04-28 21:17:58'),(77,24,'http://dropbox.com/vk/hic.mp4',13599,'{\"owner\": \"Kaci Sipes\"}',2,'2016-10-30 03:32:07','2021-04-28 21:17:58'),(78,36,'http://dropbox.com/vk/iste.avi',47928139,'{\"owner\": \"Lambert Gutkowski\"}',1,'2014-06-01 11:58:00','2021-04-28 21:17:58'),(79,10,'http://dropbox.com/vk/reprehenderit.avi',2462325,'{\"owner\": \"Olga Okuneva\"}',1,'2018-06-02 06:50:15','2021-04-28 21:17:58'),(80,40,'http://dropbox.com/vk/consequatur.avi',2260828,'{\"owner\": \"Shana Cummings\"}',1,'2013-09-15 02:45:29','2021-04-28 21:17:58'),(81,70,'http://dropbox.com/vk/placeat.mp3',28879,'{\"owner\": \"Dewayne Steuber\"}',1,'2016-04-06 20:50:31','2021-04-28 21:17:58'),(82,28,'http://dropbox.com/vk/dolor.png',3907166,'{\"owner\": \"Elmer Pouros\"}',2,'2018-03-31 07:55:31','2021-04-28 21:17:58'),(83,31,'http://dropbox.com/vk/tempora.mp3',49143,'{\"owner\": \"Zora Schultz\"}',2,'2011-11-04 23:07:10','2021-04-28 21:17:58'),(84,72,'http://dropbox.com/vk/rerum.mp3',42463214,'{\"owner\": \"Alivia Ledner\"}',3,'2015-10-31 00:12:00','2021-04-28 21:17:58'),(85,64,'http://dropbox.com/vk/ad.mp3',116962,'{\"owner\": \"Frances Russel\"}',3,'2012-05-12 20:45:28','2021-04-28 21:17:58'),(86,5,'http://dropbox.com/vk/recusandae.mp4',85012974,'{\"owner\": \"Lula Stanton\"}',3,'2017-04-24 20:17:17','2021-04-28 21:17:58'),(87,30,'http://dropbox.com/vk/iste.avi',550787,'{\"owner\": \"Dell Schimmel\"}',1,'2020-01-29 18:43:24','2021-04-28 21:17:58'),(88,36,'http://dropbox.com/vk/voluptatem.mp3',2743349,'{\"owner\": \"Lambert Gutkowski\"}',2,'2019-12-08 02:15:20','2021-04-28 21:17:58'),(89,90,'http://dropbox.com/vk/quasi.mp4',64808910,'{\"owner\": \"Moses Auer\"}',3,'2014-08-03 13:09:31','2021-04-28 21:17:58'),(90,43,'http://dropbox.com/vk/quae.mp4',37900015,'{\"owner\": \"Ara Purdy\"}',3,'2016-07-30 16:49:48','2021-04-28 21:17:58'),(91,44,'http://dropbox.com/vk/aliquid.avi',8344629,'{\"owner\": \"Fletcher Hansen\"}',1,'2020-02-29 08:03:32','2021-04-28 21:17:58'),(92,90,'http://dropbox.com/vk/blanditiis.mp3',1985247,'{\"owner\": \"Moses Auer\"}',2,'2019-11-26 10:06:39','2021-04-28 21:17:58'),(93,17,'http://dropbox.com/vk/voluptas.mp4',1686190,'{\"owner\": \"Freddy Cummerata\"}',1,'2015-09-09 16:42:38','2021-04-28 21:17:58'),(94,13,'http://dropbox.com/vk/recusandae.mp3',33616,'{\"owner\": \"Terry Heidenreich\"}',3,'2019-10-22 15:00:37','2021-04-28 21:17:58'),(95,14,'http://dropbox.com/vk/necessitatibus.png',572707,'{\"owner\": \"Kaitlin Dooley\"}',3,'2015-12-10 09:24:41','2021-04-28 21:17:58'),(96,33,'http://dropbox.com/vk/eius.mp4',2945952,'{\"owner\": \"Rex Purdy\"}',1,'2018-08-26 13:48:36','2021-04-28 21:17:58'),(97,21,'http://dropbox.com/vk/a.mp3',2465210,'{\"owner\": \"Domenick Schumm\"}',2,'2015-12-03 17:30:02','2021-04-28 21:17:58'),(98,5,'http://dropbox.com/vk/id.png',7257480,'{\"owner\": \"Lula Stanton\"}',2,'2014-10-25 23:51:43','2021-04-28 21:17:58'),(99,61,'http://dropbox.com/vk/minima.mp4',944134771,'{\"owner\": \"Benedict Hane\"}',3,'2019-03-12 02:07:57','2021-04-28 21:17:58'),(100,90,'http://dropbox.com/vk/nobis.mp3',327401986,'{\"owner\": \"Moses Auer\"}',1,'2013-07-12 05:33:01','2021-04-28 21:17:58');
/*!40000 ALTER TABLE `media` ENABLE KEYS */;
UNLOCK TABLES;

--
-- Table structure for table `media_types`
--

DROP TABLE IF EXISTS `media_types`;
/*!40101 SET @saved_cs_client     = @@character_set_client */;
/*!50503 SET character_set_client = utf8mb4 */;
CREATE TABLE `media_types` (
  `id` int unsigned NOT NULL AUTO_INCREMENT,
  `name` varchar(255) CHARACTER SET utf8mb4 COLLATE utf8mb4_unicode_ci NOT NULL,
  `created_at` datetime DEFAULT CURRENT_TIMESTAMP,
  `updated_at` datetime DEFAULT CURRENT_TIMESTAMP ON UPDATE CURRENT_TIMESTAMP,
  PRIMARY KEY (`id`),
  UNIQUE KEY `name` (`name`)
) ENGINE=InnoDB AUTO_INCREMENT=4 DEFAULT CHARSET=utf8mb4 COLLATE=utf8mb4_unicode_ci;
/*!40101 SET character_set_client = @saved_cs_client */;

--
-- Dumping data for table `media_types`
--

LOCK TABLES `media_types` WRITE;
/*!40000 ALTER TABLE `media_types` DISABLE KEYS */;
INSERT INTO `media_types` VALUES (1,'image','2021-04-28 21:16:01','2021-04-28 21:16:01'),(2,'audio','2021-04-28 21:16:01','2021-04-28 21:16:01'),(3,'video','2021-04-28 21:16:01','2021-04-28 21:16:01');
/*!40000 ALTER TABLE `media_types` ENABLE KEYS */;
UNLOCK TABLES;

--
-- Table structure for table `messages`
--

DROP TABLE IF EXISTS `messages`;
/*!40101 SET @saved_cs_client     = @@character_set_client */;
/*!50503 SET character_set_client = utf8mb4 */;
CREATE TABLE `messages` (
  `id` int unsigned NOT NULL AUTO_INCREMENT,
  `from_user_id` int unsigned NOT NULL,
  `to_user_id` int unsigned NOT NULL,
  `body` text CHARACTER SET utf8mb4 COLLATE utf8mb4_unicode_ci NOT NULL,
  `is_important` tinyint(1) DEFAULT NULL,
  `is_delivered` tinyint(1) DEFAULT NULL,
  `created_at` datetime DEFAULT CURRENT_TIMESTAMP,
  PRIMARY KEY (`id`)
) ENGINE=InnoDB AUTO_INCREMENT=101 DEFAULT CHARSET=utf8mb4 COLLATE=utf8mb4_unicode_ci;
/*!40101 SET character_set_client = @saved_cs_client */;

--
-- Dumping data for table `messages`
--

LOCK TABLES `messages` WRITE;
/*!40000 ALTER TABLE `messages` DISABLE KEYS */;
INSERT INTO `messages` VALUES (1,28,26,'Minus ea nemo aut dignissimos similique et. Expedita quia qui quam maiores voluptatem et. Sint ut asperiores reiciendis corporis vel ex. Provident sed atque voluptas expedita et sapiente. Veniam ad beatae deserunt vel ipsa blanditiis.',0,0,'2020-03-02 06:12:31'),(2,47,58,'Quia veniam pariatur qui consequatur architecto. Quasi similique est eaque. Quis ut cumque quaerat fuga est eius earum. Repudiandae sint voluptas minima aliquid.',1,0,'2020-03-04 15:55:09'),(3,45,52,'Quia explicabo accusantium amet voluptas neque aliquam. Quas laudantium itaque pariatur aut eius repellendus sapiente. Illo dolor quibusdam aspernatur nulla accusantium officiis. Expedita odit eius praesentium dolore.',1,1,'2014-05-26 04:34:23'),(4,25,68,'Laboriosam esse quo consequatur ducimus optio. Distinctio tempore quaerat doloremque iste est ab commodi. Dolores voluptatem accusamus minus facere.',0,0,'2018-05-05 18:19:19'),(5,64,18,'Earum qui dolorem quisquam et cupiditate impedit tenetur. Voluptatum possimus rerum architecto sit ut cum officia. Sed illo aut quasi. Nihil et commodi quod minus saepe eum.',0,1,'2014-05-27 18:12:03'),(6,95,20,'Blanditiis corporis quasi ad aspernatur. Et libero amet et aperiam dolores repudiandae molestiae. Natus in hic commodi a aperiam.',1,1,'2015-12-19 20:43:21'),(7,15,16,'Sunt est velit aut autem ipsa voluptas consequatur. Nostrum officiis voluptas molestiae veritatis voluptatem et neque. Sint ea illum harum quam exercitationem.',1,0,'2020-05-08 19:07:10'),(8,32,13,'Et ducimus dicta at velit sunt aperiam. Earum dolorem dolore rem nostrum. Placeat error veritatis recusandae et sit corrupti vero.',1,0,'2016-01-22 01:18:30'),(9,70,8,'Sed aut pariatur laudantium. Qui ducimus vero minus quidem qui non. Iusto et velit explicabo laborum expedita accusantium excepturi. Et eos ut quo iure iste.',0,1,'2016-05-12 05:49:53'),(10,32,33,'Architecto nobis aliquam quod a. Minima et enim nisi veniam. Quo vel fugit et ut repellendus sit. Omnis maiores fugit est deleniti.',0,1,'2014-10-05 20:43:59'),(11,71,55,'Commodi praesentium in soluta voluptatibus inventore dolores ut. Magnam omnis est et aut et iusto accusantium. Quidem provident quas veniam aut pariatur nihil ducimus blanditiis. Sapiente eius sit voluptas deleniti molestias.',1,1,'2018-01-19 17:21:07'),(12,59,32,'Ratione eum vel alias aut et. Eos omnis quia dignissimos voluptatem dolorum. Eaque ut eius quo.',1,1,'2014-11-05 01:58:14'),(13,82,15,'Dolores labore placeat tempora dolor exercitationem facilis ut. Ut voluptatem dignissimos quis pariatur expedita beatae quia. A ipsam officiis reiciendis in est quod reprehenderit. Vel nulla molestiae voluptates perspiciatis modi nobis optio.',0,0,'2013-01-15 08:55:53'),(14,26,84,'Inventore mollitia quisquam consequatur illo. Non asperiores qui praesentium. Qui aperiam sint dolorem consequatur.',1,1,'2011-08-10 02:31:50'),(15,42,60,'Rerum molestiae unde voluptatem et adipisci. Ad rerum facilis assumenda est. Consequuntur nihil laboriosam cumque officiis iure modi. Exercitationem veniam ipsum doloribus repellendus ratione.',1,1,'2014-12-21 22:39:45'),(16,72,77,'Laborum architecto sapiente eum accusantium eligendi animi rerum. Libero ipsa ducimus quia. Omnis sed ut voluptatibus enim nihil. Itaque vel eos et aut qui.',0,0,'2018-06-11 08:46:30'),(17,72,28,'Nostrum nulla tenetur consectetur fugiat libero sunt. Dolor tempore consectetur sed excepturi ut perferendis. Qui amet veniam quis dolor ea ratione quas incidunt.',0,1,'2012-10-08 19:22:16'),(18,22,25,'Voluptatibus fugiat officiis reprehenderit voluptas occaecati praesentium. Reprehenderit labore quis a ut vel veniam dolor inventore.',0,1,'2011-12-31 19:41:13'),(19,59,21,'Aperiam qui quibusdam exercitationem libero alias modi doloribus. In quod voluptatem suscipit et. Totam tenetur voluptatem expedita nemo beatae a.',0,1,'2011-10-15 07:51:51'),(20,28,76,'Ea non nihil voluptatem impedit vel doloribus mollitia. Nesciunt eos ut reprehenderit repudiandae itaque nobis. Dicta in est eveniet voluptatem repudiandae cupiditate.',1,0,'2019-01-04 21:43:46'),(21,96,52,'Voluptas impedit asperiores quia qui libero. Laboriosam debitis veritatis debitis recusandae et. Et ut numquam aut aspernatur voluptatem.',0,0,'2013-03-27 09:42:53'),(22,70,96,'Nihil eum fuga doloribus occaecati fugit voluptatem. Sit explicabo sapiente qui harum repellendus blanditiis. Ut natus rem et autem. Qui et eos adipisci voluptatibus.',0,0,'2019-02-12 11:30:59'),(23,68,51,'Consequatur nemo sunt quia consequatur. Nam maxime tenetur quaerat consequatur sint consequatur est quaerat. Perspiciatis et nam hic praesentium.',1,1,'2018-09-29 05:04:05'),(24,52,7,'Autem ab sit optio nesciunt cum. Dolore dolorum voluptate commodi pariatur qui ipsam. Quisquam laboriosam non quis sit cupiditate est. Quas voluptatum dolores doloremque et.',0,1,'2018-08-27 20:36:31'),(25,78,66,'Explicabo recusandae vel officiis dolorem velit excepturi. Amet minima corrupti alias culpa deserunt assumenda ea. Nobis eaque et libero voluptatibus velit ad impedit ut.',1,1,'2020-03-05 07:41:11'),(26,98,89,'Ipsum quidem neque eum hic quo et sed. Quos officiis vero qui sed dolore omnis enim. At quo asperiores facere iure laudantium maxime ut.',0,0,'2013-11-22 04:18:22'),(27,53,96,'Illo eos commodi et ullam non. Qui distinctio exercitationem ipsa consequatur eligendi. Quo qui et quam quas.',1,0,'2017-01-23 18:20:20'),(28,22,21,'Qui delectus tempore aut enim velit. Odio aut maxime deserunt aut. Cupiditate et quia explicabo aut ratione rerum.',0,0,'2015-05-30 00:53:28'),(29,40,36,'Minus sint et adipisci eveniet tenetur praesentium veniam. Ipsam vero dolorem culpa repellendus. Amet impedit dolorem corporis. Reprehenderit non rerum ut perferendis sapiente.',0,1,'2019-02-12 16:50:22'),(30,58,84,'Dolor sed et voluptas at aspernatur. Tenetur vel iste optio esse sapiente facere quaerat. Vel quia eaque dolores. Non laboriosam vero quas a et. Aliquam totam temporibus dolor amet.',0,0,'2012-11-10 22:50:37'),(31,45,73,'Sunt sequi officia et sint dolorem. Ut non eaque maxime sint.',0,0,'2017-08-16 21:34:13'),(32,30,32,'Voluptate aut cumque quia voluptatibus. Dicta commodi ad tempora porro molestiae molestiae vel. Sed enim deleniti sint eligendi.',1,1,'2017-07-30 21:11:51'),(33,66,36,'Facere necessitatibus quae unde molestiae perferendis ex. Autem natus voluptatem possimus ullam. Est recusandae aliquid veniam illum porro at. Autem quasi ducimus accusantium consectetur sed nihil. A iste consequuntur qui est.',1,1,'2019-07-26 23:42:47'),(34,81,94,'Libero cum eius ut illum officia facilis. Vel odio distinctio dignissimos sed et iste blanditiis ad. Ut tenetur aut dolore architecto libero. Neque nulla dicta explicabo voluptas.',0,0,'2016-02-16 04:19:32'),(35,29,63,'Reiciendis illo est at. Doloribus aspernatur quam ea omnis unde. Cumque sit recusandae dolores et.',1,0,'2015-11-02 19:25:57'),(36,27,46,'Commodi ipsam vel repudiandae provident accusamus perspiciatis. Veritatis neque accusamus repellat. Saepe ut sed ipsam ipsum et. Officia assumenda perferendis rerum.',0,0,'2014-10-15 01:06:49'),(37,48,1,'Quod adipisci numquam quis magnam tenetur. Doloribus ipsum est eum atque accusamus necessitatibus eos. Nihil hic quae qui.',0,0,'2013-05-11 11:31:31'),(38,59,94,'Exercitationem voluptatem ipsa accusantium aliquam. Quia nihil assumenda dignissimos. Minima voluptatem eum explicabo qui.',0,0,'2015-07-26 20:41:26'),(39,93,82,'Provident placeat ipsam ut commodi libero ut adipisci. Qui illum quia aut numquam autem illo sed. Quia saepe exercitationem voluptas tenetur consequuntur in. Atque eligendi sit eum.',0,0,'2014-01-20 05:34:50'),(40,30,5,'Facilis enim sint ipsam aut. Molestiae numquam tempore debitis necessitatibus.',0,0,'2014-11-10 17:09:37'),(41,31,43,'Ab ipsam sed vitae. Voluptatem eos laboriosam dolor non non. Rerum odit eos ipsum qui fugiat. Tenetur ea accusantium reprehenderit assumenda animi sequi ipsa.',0,1,'2014-12-08 10:53:29'),(42,22,79,'Odio sunt ea sunt doloribus ab quam commodi. Et tempora dolor accusamus. At dolores non distinctio veniam. Perferendis possimus excepturi ipsum voluptas qui.',0,0,'2017-03-20 06:22:00'),(43,31,14,'Non doloribus occaecati harum omnis sint dolorem architecto. Consequatur quam sint magni delectus. Totam voluptas soluta laborum aut illum magni.',0,1,'2011-11-01 20:37:59'),(44,77,42,'Ad illum at sed quia porro modi totam. Vitae ut impedit libero quas. Neque dolores nihil fuga.',1,0,'2016-07-15 02:27:38'),(45,80,75,'Iste sunt sed voluptate enim hic totam. Eum unde ut est accusantium saepe qui quod repellat.',0,0,'2012-06-26 21:27:10'),(46,33,39,'At unde vel exercitationem ipsa quo. Animi fuga atque possimus tenetur dolor. Tempore iure minus sit reiciendis repudiandae. Modi qui illo mollitia eos unde.',0,1,'2019-03-02 07:40:22'),(47,96,60,'Repudiandae quas quos reiciendis repellat. Iste voluptate enim quis. Cupiditate eligendi molestiae reiciendis.',0,1,'2014-09-26 16:55:45'),(48,15,93,'Eos rerum deleniti deleniti fugit quia voluptas. Deserunt quia praesentium sint et aut maxime. Voluptates et et aperiam sit dolor. Velit quasi suscipit sequi nam.',1,0,'2016-07-11 17:17:20'),(49,18,12,'Voluptas est dolor est consequatur sed aliquid. Aut eos commodi quasi officiis deleniti tempora. Aut sit porro sit dignissimos architecto et delectus.',1,0,'2017-08-08 13:48:11'),(50,4,83,'Incidunt unde molestiae porro rerum nemo. Ullam quaerat fuga dolorem nostrum. Odio totam neque voluptate natus ut.',1,0,'2021-03-17 18:04:15'),(51,4,70,'At qui consectetur nisi magnam. Atque laborum iusto asperiores dolor eveniet dolorum. Sed voluptatibus ea aut enim. Assumenda laborum fugit quia consequatur dicta quia eos.',1,1,'2012-05-22 19:25:16'),(52,37,77,'Aut libero eos officia. Praesentium commodi ea inventore corrupti quia laudantium enim quis. Sit temporibus numquam dolores. Doloremque quo magnam qui voluptate asperiores recusandae. Culpa omnis dolore explicabo tenetur laboriosam exercitationem voluptates.',1,1,'2019-08-17 17:42:54'),(53,70,22,'Quo voluptatem vel occaecati consequuntur perferendis tempore. Facere esse modi quasi non cum. Debitis est distinctio fugit corporis veniam atque. Quas dolor et aut ab suscipit laborum repudiandae qui.',0,1,'2015-08-16 15:41:33'),(54,97,19,'Laborum dignissimos dolorum quasi unde at hic ipsa. Est sit cum quo quas aut numquam consequatur. Quia commodi sit mollitia dolor vero. Harum at amet voluptatem harum eaque quos consectetur.',0,1,'2012-10-08 02:37:07'),(55,2,55,'Vitae voluptatem fugiat necessitatibus eaque est illo et id. Qui quo in fugit reprehenderit adipisci vel animi. Qui quaerat tempore non dolorem corporis omnis tenetur consequatur.',0,0,'2015-07-12 12:55:04'),(56,68,73,'Fuga officiis explicabo molestiae in quos. Dolorem commodi ut dolores officia. Qui minima ipsum praesentium voluptatum. Dicta ea provident quia et ut blanditiis.',0,0,'2012-06-13 16:24:53'),(57,62,92,'Iste nostrum et molestias nesciunt ut sint odio. Sint beatae ex accusamus consequatur sit. Voluptatibus commodi adipisci dolorum quo et debitis.',0,0,'2015-04-12 07:17:12'),(58,71,79,'Aperiam dignissimos laborum non odit neque et ea. Architecto molestiae sunt ea non nihil voluptas quo. Eligendi ad nisi magnam adipisci. In est similique hic ex optio.',1,0,'2019-05-13 06:03:55'),(59,81,67,'Assumenda similique et enim molestias distinctio pariatur dolores. Doloribus ea omnis labore aut veritatis dolore earum. In temporibus quo dolor minima nihil corrupti. Velit itaque qui qui nesciunt.',0,1,'2018-05-13 21:10:49'),(60,91,54,'Modi molestiae laboriosam ut. Doloribus minus architecto enim exercitationem maiores tempore tenetur. Et nisi sed labore vitae voluptatem. Minus consequatur magnam commodi et quae. Eaque laboriosam ea facilis officiis in.',1,1,'2011-05-19 12:21:47'),(61,97,21,'Doloribus quibusdam illo dolores dolore est qui. Officiis sint porro id non quo reprehenderit. Aut consequatur praesentium repudiandae facere aut quo qui aut.',1,1,'2017-12-20 06:36:58'),(62,14,9,'Debitis repellendus voluptate quis possimus enim. Ipsam quasi consequatur voluptatibus iusto id. Quam atque asperiores itaque nihil. Impedit in corrupti magnam quia perspiciatis.',1,0,'2013-03-26 11:28:11'),(63,99,69,'Tempora adipisci quibusdam enim qui recusandae. Nisi eum doloribus nihil blanditiis beatae. Non delectus qui aut enim consequatur quo quasi.',0,0,'2016-04-29 17:01:45'),(64,47,29,'Eum est commodi nesciunt qui. Natus assumenda quisquam excepturi. Sequi voluptatem inventore voluptas non qui ea dolores.',0,0,'2013-07-08 21:13:02'),(65,2,22,'Libero autem voluptatum ea quisquam similique impedit minus. Est soluta ut velit. Perspiciatis debitis dolorem quas ea. Consequatur vitae nesciunt ut et soluta porro saepe.',1,0,'2013-10-28 16:47:01'),(66,3,51,'Vitae dolor doloremque voluptatem cupiditate explicabo enim. Rerum sunt beatae voluptatem quas quo eos voluptatibus. Pariatur cupiditate minus sequi delectus vel. Molestiae voluptas tempora aut.',0,1,'2019-07-20 19:27:36'),(67,43,63,'Ea cumque omnis quam quis. Optio aut possimus sunt doloremque laudantium. Quis et ut id sed ipsa sed dignissimos exercitationem.',1,1,'2013-10-17 11:22:45'),(68,86,41,'Reprehenderit aut qui suscipit tempora. Aut eius ipsum officia consequatur labore ut impedit. Id ea dignissimos debitis eum explicabo. Dicta voluptatum dicta in ullam.',1,0,'2015-01-20 03:45:16'),(69,45,2,'Qui sit praesentium neque sapiente. Eos nihil quasi in architecto aliquam et consequatur quia. Sunt mollitia consequatur id perferendis. Iusto in deleniti quod molestiae soluta dolor veritatis corrupti.',0,1,'2015-03-12 23:07:01'),(70,73,58,'Velit aut atque non atque soluta qui. Impedit quo nihil rerum consequatur fugit dolores maiores. Dolorem ex qui dolores non sequi.',0,0,'2016-04-22 04:59:57'),(71,72,84,'Totam ut sed omnis qui. Odit voluptatem sed praesentium magnam.',1,0,'2013-07-20 21:56:56'),(72,3,65,'Fuga mollitia non facere dolore. Eum ratione non eos molestiae ea aut omnis. Vel qui placeat aperiam ducimus maxime et dolores. Incidunt qui aperiam dolorum iusto.',0,0,'2017-09-26 18:21:43'),(73,15,81,'Et harum porro assumenda inventore. Quia qui rerum est sint pariatur architecto impedit. Repellendus labore et quaerat qui dicta quidem earum delectus. Aspernatur non iusto aspernatur sapiente fugiat similique.',1,0,'2020-05-10 08:34:56'),(74,57,41,'Id cupiditate sunt tempora amet soluta. Numquam neque non neque odio amet repellat. Quia voluptatem consequatur aut ullam.',0,1,'2011-09-09 11:30:59'),(75,33,40,'Rem accusamus architecto quos nobis. Libero dolores aliquid vel consequatur nulla velit nobis. Doloremque corrupti omnis vero inventore sequi consectetur. Corrupti quam modi non eum ut magnam.',0,0,'2018-06-12 02:04:44'),(76,4,97,'Corrupti occaecati id cupiditate et officia culpa. Ducimus aspernatur officiis hic in facere. Inventore quas animi esse dolorem voluptas. Rerum quis aut pariatur facere unde itaque provident quae.',0,0,'2013-06-25 07:56:53'),(77,75,80,'Unde accusantium accusantium ab accusantium sed. Eos aut et in quisquam dignissimos. Laudantium sit dolorem labore corrupti. Nihil necessitatibus hic fuga maxime et eum doloremque.',1,1,'2013-05-20 17:31:33'),(78,77,44,'Et occaecati illo ut fuga similique. Quia fugit nihil pariatur tenetur sint inventore. Cumque veritatis a molestiae consequuntur sed. Qui et earum illo beatae corporis aut reprehenderit. Cum ut odio blanditiis laboriosam eveniet expedita rerum.',1,1,'2016-06-11 09:37:50'),(79,90,18,'Impedit illo velit voluptatum ad sed. Quibusdam sapiente maiores qui quae. Et autem ex impedit quis est. Quo itaque autem quod odit non ea voluptas.',0,0,'2020-11-11 17:03:28'),(80,20,43,'Laborum molestias facere officia nihil consequatur ipsum impedit. Non cum officia quo sit eaque consequatur enim. Corrupti eveniet delectus sit asperiores quia aut in.',0,1,'2014-08-14 18:34:01'),(81,54,40,'Autem assumenda sed ut consequatur quibusdam. Nesciunt eos numquam voluptates ab reprehenderit sint. Recusandae sunt dicta quis accusamus asperiores quod hic. Suscipit tempore quisquam ut molestiae.',0,0,'2016-03-15 13:11:48'),(82,37,66,'Placeat assumenda tenetur doloremque quas laborum veniam et modi. Dolor et amet commodi asperiores quidem. Amet maiores ut iure at quas vitae. Placeat in velit iure est qui non aliquam.',0,1,'2013-03-05 13:46:48'),(83,20,99,'Aut quia est eveniet corporis nesciunt est. Assumenda dolores modi qui nisi corporis occaecati enim. Fuga fuga nemo exercitationem beatae quas.',0,0,'2012-07-01 01:26:50'),(84,35,79,'Occaecati omnis fugiat possimus labore. Unde consequatur numquam adipisci eaque ea doloremque vel itaque. Dicta voluptas reiciendis iure sit qui optio itaque.',1,1,'2018-01-19 13:04:47'),(85,89,6,'Et reprehenderit eveniet et quia. Ut possimus sit qui. Excepturi ipsam aut eum natus odio commodi inventore.',0,0,'2011-08-20 21:41:02'),(86,63,99,'Laborum at illum sit tempora cum doloribus. Ipsum sed molestiae eius dolores ea et. Aut aut ut labore deserunt explicabo. Alias et eveniet et dolore perspiciatis ullam est.',1,0,'2018-03-25 22:28:41'),(87,3,17,'Quibusdam sit minima nemo odit. Similique consequatur officiis ducimus nesciunt laborum. In nisi ut ut saepe id fugit dignissimos.',1,1,'2018-02-20 16:47:21'),(88,76,27,'Voluptatem consequatur modi ipsam dolor totam qui aliquam odio. Consequatur id rerum voluptatem omnis recusandae doloribus. Eius placeat omnis recusandae doloribus ea.',1,0,'2015-06-16 07:22:12'),(89,8,59,'Perferendis tempore culpa maiores aspernatur. At reiciendis eum ut illo doloribus ipsa. Provident quae accusantium iste. Qui sint ad sit blanditiis a quisquam cumque.',1,0,'2014-01-01 06:22:04'),(90,69,70,'Est et ipsum praesentium in recusandae. Aperiam qui quae enim. Odit corporis voluptatem et voluptas perspiciatis et.',0,1,'2013-11-11 02:35:39'),(91,41,94,'Velit molestiae est autem et rem natus ratione blanditiis. Mollitia nisi inventore et sunt nihil cumque. Reprehenderit ullam sit quia et error molestiae id.',1,1,'2014-07-31 11:09:57'),(92,46,49,'Animi debitis rerum enim quis odit dolore repudiandae. Laboriosam expedita fuga mollitia quae. Voluptas aut vero atque esse sunt.',1,1,'2017-02-02 19:38:10'),(93,5,77,'Repellat enim voluptatem labore quod iusto necessitatibus. Mollitia sunt natus iusto maiores. Qui autem ut hic sit esse quas. Dolorem blanditiis amet et dolorem.',1,1,'2020-02-09 23:41:08'),(94,70,19,'Dolor magni animi similique praesentium. Laborum blanditiis ipsum quia. Et totam mollitia necessitatibus.',1,0,'2019-09-24 17:21:16'),(95,85,67,'Voluptatum aspernatur delectus sed quia nobis in ipsam. Aut accusantium dicta sunt assumenda esse amet. Minus quae voluptatibus distinctio laudantium ut aut. Tenetur voluptas atque quia quo et dicta ea.',0,0,'2015-12-30 21:16:37'),(96,80,98,'Est tempore atque aut nesciunt eos. Repudiandae maxime explicabo assumenda qui accusamus error quisquam. Non labore necessitatibus deleniti non blanditiis. Quas eveniet error quisquam blanditiis a.',1,1,'2013-07-08 16:54:25'),(97,48,47,'Repellendus eum est et at. Impedit delectus dolor rerum commodi fugit est facilis. Consequuntur sit quas molestiae repellendus.',0,1,'2020-05-27 05:40:59'),(98,89,6,'Ut quidem architecto asperiores ipsa reiciendis exercitationem provident est. Quaerat vel labore labore ullam. Optio placeat explicabo non quasi laudantium sed.',0,0,'2019-03-09 12:42:51'),(99,63,94,'Temporibus quae asperiores ad iure rem perspiciatis. Impedit quaerat eaque ut neque placeat enim deleniti. Nesciunt enim rerum quia eveniet et neque.',1,0,'2014-05-31 04:03:06'),(100,82,26,'Esse velit tenetur inventore et commodi amet. Aliquid ea est autem omnis dolor. Ipsum asperiores laudantium accusantium asperiores corporis voluptatem ipsa. Recusandae a molestiae ipsum quae recusandae aut.',0,0,'2014-06-14 21:37:06');
/*!40000 ALTER TABLE `messages` ENABLE KEYS */;
UNLOCK TABLES;

--
-- Table structure for table `profiles`
--

DROP TABLE IF EXISTS `profiles`;
/*!40101 SET @saved_cs_client     = @@character_set_client */;
/*!50503 SET character_set_client = utf8mb4 */;
CREATE TABLE `profiles` (
  `user_id` int unsigned NOT NULL,
  `gender` char(1) CHARACTER SET utf8mb4 COLLATE utf8mb4_unicode_ci NOT NULL,
  `birthday` date DEFAULT NULL,
  `city` varchar(100) CHARACTER SET utf8mb4 COLLATE utf8mb4_unicode_ci NOT NULL,
  `country` varchar(100) CHARACTER SET utf8mb4 COLLATE utf8mb4_unicode_ci NOT NULL,
  `created_at` datetime DEFAULT CURRENT_TIMESTAMP,
  `updated_at` datetime DEFAULT CURRENT_TIMESTAMP ON UPDATE CURRENT_TIMESTAMP,
  PRIMARY KEY (`user_id`)
) ENGINE=InnoDB DEFAULT CHARSET=utf8mb4 COLLATE=utf8mb4_unicode_ci;
/*!40101 SET character_set_client = @saved_cs_client */;

--
-- Dumping data for table `profiles`
--

LOCK TABLES `profiles` WRITE;
/*!40000 ALTER TABLE `profiles` DISABLE KEYS */;
INSERT INTO `profiles` VALUES (1,'F','2006-08-29','New Feliciashire','Albania','2015-03-23 11:26:47','2021-04-28 20:42:14'),(2,'F','1971-09-03','Spinkashire','Czech Republic','2011-06-12 00:28:40','2021-04-28 20:42:14'),(3,'M','1996-04-30','New Candida','Romania','2020-05-14 17:54:25','2021-04-28 20:42:14'),(4,'F','2000-12-30','Annabellehaven','Cyprus','2019-04-10 17:02:49','2021-04-28 20:42:14'),(5,'F','2019-06-13','West Roma','Montserrat','2014-10-05 23:50:56','2021-04-28 20:42:14'),(6,'F','2017-04-21','Marcellabury','Latvia','2014-10-08 12:54:45','2021-04-28 20:42:14'),(7,'F','1990-06-04','Smithamside','Denmark','2013-02-10 02:53:41','2021-04-28 20:42:14'),(8,'F','2007-01-05','Gaylordville','Marshall Islands','2015-08-25 22:39:33','2021-04-28 20:42:14'),(9,'F','1990-01-28','Aglaeborough','Brazil','2015-11-21 15:16:51','2021-04-28 20:42:14'),(10,'F','1990-07-12','Ernsertown','Uruguay','2019-12-01 19:26:29','2021-04-28 20:42:14'),(11,'M','2011-12-09','South Laurianechester','Aruba','2021-02-08 13:30:29','2021-04-28 20:42:14'),(12,'F','2004-03-17','New Abe','Kazakhstan','2019-11-29 16:18:35','2021-04-28 20:42:14'),(13,'M','2001-03-13','West Guiseppe','Cuba','2019-04-18 22:24:47','2021-04-28 20:42:14'),(14,'M','1987-10-13','New Arielle','Mozambique','2011-05-21 17:02:32','2021-04-28 20:42:14'),(15,'M','2006-12-08','South Kaleighside','Armenia','2018-10-25 02:03:35','2021-04-28 20:42:14'),(16,'F','1995-02-17','South Jakaylafort','Montserrat','2016-07-24 05:59:29','2021-04-28 20:42:14'),(17,'M','1981-06-15','Port Sidton','Kuwait','2020-12-10 13:04:29','2021-04-28 20:42:14'),(18,'F','1996-08-27','New Mallory','Grenada','2018-02-10 19:55:06','2021-04-28 20:42:14'),(19,'F','1970-03-11','West Houston','Austria','2018-11-05 02:32:50','2021-04-28 20:42:14'),(20,'F','1980-01-24','Franceshaven','Eritrea','2014-12-22 11:59:13','2021-04-28 20:42:14'),(21,'M','2006-09-06','Joshuastad','Ethiopia','2012-04-15 21:52:36','2021-04-28 20:42:14'),(22,'F','2002-10-03','New Rosalinda','Austria','2016-06-11 19:12:25','2021-04-28 20:42:14'),(23,'F','1988-02-02','Macejkovicville','South Georgia and the South Sandwich Islands','2021-03-09 22:30:11','2021-04-28 20:42:14'),(24,'M','1978-04-03','East Agustin','Montserrat','2013-01-19 21:08:31','2021-04-28 20:42:14'),(25,'M','1972-09-19','Port Lois','Iceland','2017-02-08 17:08:47','2021-04-28 20:42:14'),(26,'M','1999-11-15','Kayport','Belarus','2014-01-27 20:20:34','2021-04-28 20:42:14'),(27,'M','1980-01-26','Collierburgh','Suriname','2012-09-18 04:52:49','2021-04-28 20:42:14'),(28,'M','1993-08-02','Lake Monserrate','Albania','2014-01-05 18:23:45','2021-04-28 20:42:14'),(29,'F','2016-05-08','South Emmalee','Iran','2015-05-22 05:44:20','2021-04-28 20:42:14'),(30,'M','1987-03-09','Vernieview','Niger','2015-03-29 06:00:46','2021-04-28 20:42:14'),(31,'M','1988-04-28','Terranceville','Suriname','2014-12-15 22:56:10','2021-04-28 20:42:14'),(32,'F','1980-10-14','New London','El Salvador','2018-12-21 05:04:21','2021-04-28 20:42:14'),(33,'M','1992-12-21','Strackeberg','Nigeria','2019-01-13 14:03:20','2021-04-28 20:42:14'),(34,'M','1994-11-12','East Jermain','Niue','2016-12-10 22:13:57','2021-04-28 20:42:14'),(35,'F','1970-09-22','Forestborough','Hungary','2012-12-30 01:07:58','2021-04-28 20:42:14'),(36,'M','2020-02-19','Tesstown','Mayotte','2011-11-18 00:47:42','2021-04-28 20:42:14'),(37,'F','1996-07-31','Lake Maynardport','Poland','2011-08-15 02:15:55','2021-04-28 20:42:14'),(38,'F','1987-02-12','Predovicside','Saint Barthelemy','2015-04-21 11:05:28','2021-04-28 20:42:14'),(39,'F','2013-08-05','North Yazmin','Uzbekistan','2015-11-09 04:59:33','2021-04-28 20:42:14'),(40,'M','2008-11-06','Port Aglaeberg','Bouvet Island (Bouvetoya)','2018-03-29 23:13:54','2021-04-28 20:42:14'),(41,'F','1972-09-08','Port Robyn','Sao Tome and Principe','2012-06-04 18:22:42','2021-04-28 20:42:14'),(42,'F','1970-02-18','Ornville','Denmark','2019-12-06 15:15:34','2021-04-28 20:42:14'),(43,'M','2020-09-03','New Ellentown','Ireland','2013-08-17 05:09:25','2021-04-28 20:42:14'),(44,'F','1979-02-15','Deckowstad','Liberia','2017-08-06 22:14:24','2021-04-28 20:42:14'),(45,'F','1989-10-30','Lake Willisborough','Bangladesh','2019-07-04 14:18:00','2021-04-28 20:42:14'),(46,'F','2012-05-14','New Nelliechester','Latvia','2012-07-06 05:21:16','2021-04-28 20:42:14'),(47,'F','1971-04-18','Balistreriborough','Burkina Faso','2012-09-02 09:01:19','2021-04-28 20:42:14'),(48,'M','2017-03-21','West Fredrickstad','Aruba','2012-02-25 22:26:32','2021-04-28 20:42:14'),(49,'F','2013-06-12','Langoshview','Jamaica','2013-07-09 18:46:15','2021-04-28 20:42:14'),(50,'F','2021-02-26','Balistrerifurt','Northern Mariana Islands','2016-05-11 15:24:41','2021-04-28 20:42:14'),(51,'F','2016-02-23','Hesselburgh','Wallis and Futuna','2014-11-29 05:13:04','2021-04-28 20:42:14'),(52,'M','2015-11-24','Anaisshire','Cameroon','2021-02-07 12:51:40','2021-04-28 20:42:14'),(53,'F','2020-07-22','South Dayna','Saint Kitts and Nevis','2017-03-17 14:01:05','2021-04-28 20:42:14'),(54,'M','1989-08-22','North Gideon','Montserrat','2012-08-01 05:30:48','2021-04-28 20:42:14'),(55,'F','2015-02-11','Port Dylanland','Haiti','2012-06-26 10:09:34','2021-04-28 20:42:14'),(56,'M','1982-02-09','Arvillaburgh','Venezuela','2011-11-10 20:18:37','2021-04-28 20:42:14'),(57,'M','1982-09-25','New Orphastad','Zambia','2013-01-28 02:06:37','2021-04-28 20:42:14'),(58,'M','2017-05-02','Sheilaberg','Turkmenistan','2016-05-17 12:29:04','2021-04-28 20:42:14'),(59,'F','2003-07-12','Windlerville','United States of America','2020-06-12 14:18:54','2021-04-28 20:42:14'),(60,'M','1985-03-16','Rodriguezland','Brunei Darussalam','2015-01-28 04:05:08','2021-04-28 20:42:14'),(61,'M','2019-11-22','New Kevenland','Equatorial Guinea','2019-03-25 11:52:38','2021-04-28 20:42:14'),(62,'F','1981-01-16','Audreystad','Senegal','2020-02-11 01:36:28','2021-04-28 20:42:14'),(63,'M','2016-10-11','Wisokyburgh','Libyan Arab Jamahiriya','2011-07-09 09:30:10','2021-04-28 20:42:14'),(64,'M','1974-04-29','Blancheberg','Thailand','2019-05-17 06:58:09','2021-04-28 20:42:14'),(65,'M','2016-01-02','North Antoinette','Slovenia','2015-02-11 02:38:28','2021-04-28 20:42:14'),(66,'F','2005-02-14','Alexanderport','Mozambique','2017-05-22 09:40:34','2021-04-28 20:42:14'),(67,'M','1976-03-02','Lake Jackson','Dominica','2011-07-28 11:50:44','2021-04-28 20:42:14'),(68,'M','2002-08-25','Nolanborough','Malta','2012-08-27 02:11:38','2021-04-28 20:42:14'),(69,'F','1997-02-12','North Jena','Taiwan','2019-11-07 11:13:48','2021-04-28 20:42:14'),(70,'M','1989-10-23','Lake Feltonton','Swaziland','2020-06-20 04:11:01','2021-04-28 20:42:14'),(71,'F','1995-09-03','Edytheport','United States Virgin Islands','2017-03-28 21:19:11','2021-04-28 20:42:14'),(72,'M','1979-10-16','West Kaileeshire','Cook Islands','2015-05-27 03:07:57','2021-04-28 20:42:14'),(73,'M','1973-08-10','Quitzonbury','Bahrain','2016-07-18 17:26:34','2021-04-28 20:42:14'),(74,'F','2005-02-25','West Chelsieview','United States Virgin Islands','2012-06-12 15:52:54','2021-04-28 20:42:14'),(75,'F','1995-02-27','Margarettehaven','British Indian Ocean Territory (Chagos Archipelago)','2015-07-12 21:18:12','2021-04-28 20:42:14'),(76,'M','1990-06-25','New Mackhaven','Sri Lanka','2011-12-04 18:57:12','2021-04-28 20:42:14'),(77,'M','1970-05-10','Roryborough','Uganda','2019-08-19 12:56:52','2021-04-28 20:42:14'),(78,'M','1986-07-05','Lake Lincoln','Uruguay','2011-10-20 15:46:14','2021-04-28 20:42:14'),(79,'M','2013-08-14','New Lane','Antigua and Barbuda','2019-06-15 07:51:21','2021-04-28 20:42:14'),(80,'F','1980-03-02','New Tabitha','Cocos (Keeling) Islands','2012-08-02 20:23:02','2021-04-28 20:42:14'),(81,'F','1973-10-09','Corwinmouth','Canada','2012-07-03 04:56:51','2021-04-28 20:42:14'),(82,'M','1994-12-21','Ratkeberg','Yemen','2015-10-21 11:17:25','2021-04-28 20:42:14'),(83,'F','2016-01-19','West Dion','Lesotho','2013-03-15 19:09:23','2021-04-28 20:42:14'),(84,'M','1982-01-13','Port Devantefort','Western Sahara','2013-08-25 07:29:10','2021-04-28 20:42:14'),(85,'M','2007-07-17','Dooleyside','Azerbaijan','2011-05-31 08:37:39','2021-04-28 20:42:14'),(86,'F','1980-01-28','Leopoldoborough','Saint Pierre and Miquelon','2011-06-22 10:25:47','2021-04-28 20:42:14'),(87,'M','2019-03-13','Deangeloville','Jamaica','2017-08-07 06:20:17','2021-04-28 20:42:14'),(88,'F','2013-08-06','Elvisborough','Ghana','2017-12-04 23:27:57','2021-04-28 20:42:14'),(89,'M','1976-03-08','Sebastianside','Malaysia','2018-05-18 21:32:32','2021-04-28 20:42:14'),(90,'F','2003-09-20','New Asiastad','Cote d\'Ivoire','2017-03-23 06:53:47','2021-04-28 20:42:14'),(91,'M','2016-06-26','East Luella','Peru','2017-02-06 17:26:25','2021-04-28 20:42:14'),(92,'M','1992-10-10','Athenaberg','Bangladesh','2012-05-08 06:31:52','2021-04-28 20:42:14'),(93,'M','2016-03-09','North Madge','Israel','2018-06-11 03:06:22','2021-04-28 20:42:14'),(94,'F','2005-07-22','Wisozkburgh','Togo','2019-05-28 20:28:41','2021-04-28 20:42:14'),(95,'F','1979-06-30','Port Eula','Saint Helena','2012-12-11 00:31:01','2021-04-28 20:42:14'),(96,'M','1995-02-18','Schusterville','Brunei Darussalam','2015-12-31 16:51:44','2021-04-28 20:42:14'),(97,'F','2003-08-22','Lake Quinnport','Yemen','2013-09-20 19:29:31','2021-04-28 20:42:14'),(98,'F','1994-01-25','Fisherport','Rwanda','2014-09-07 23:41:37','2021-04-28 20:42:14'),(99,'F','1995-04-06','West Cristobal','Greenland','2015-06-07 13:26:20','2021-04-28 20:42:14'),(100,'M','2015-10-24','East Brookberg','Papua New Guinea','2017-02-14 11:59:15','2021-04-28 20:42:14');
/*!40000 ALTER TABLE `profiles` ENABLE KEYS */;
UNLOCK TABLES;

--
-- Table structure for table `users`
--

DROP TABLE IF EXISTS `users`;
/*!40101 SET @saved_cs_client     = @@character_set_client */;
/*!50503 SET character_set_client = utf8mb4 */;
CREATE TABLE `users` (
  `id` int unsigned NOT NULL AUTO_INCREMENT,
  `first_name` varchar(100) CHARACTER SET utf8mb4 COLLATE utf8mb4_unicode_ci NOT NULL,
  `last_name` varchar(100) CHARACTER SET utf8mb4 COLLATE utf8mb4_unicode_ci NOT NULL,
  `email` varchar(100) CHARACTER SET utf8mb4 COLLATE utf8mb4_unicode_ci NOT NULL,
  `phone` varchar(100) CHARACTER SET utf8mb4 COLLATE utf8mb4_unicode_ci NOT NULL,
  `created_at` datetime DEFAULT CURRENT_TIMESTAMP,
  `updated_at` datetime DEFAULT CURRENT_TIMESTAMP ON UPDATE CURRENT_TIMESTAMP,
  PRIMARY KEY (`id`)
) ENGINE=InnoDB AUTO_INCREMENT=101 DEFAULT CHARSET=utf8mb4 COLLATE=utf8mb4_unicode_ci;
/*!40101 SET character_set_client = @saved_cs_client */;

--
-- Dumping data for table `users`
--

LOCK TABLES `users` WRITE;
/*!40000 ALTER TABLE `users` DISABLE KEYS */;
INSERT INTO `users` VALUES (1,'Kim','Cronin','gondricka@example.net','1-800-021-1836x315','2012-05-07 04:16:48','2019-10-14 16:15:06'),(2,'Russell','Hayes','kschmeler@example.org','333-470-3036x569','2018-12-20 02:29:36','2021-04-28 20:33:14'),(3,'Odie','Johns','quinn16@example.com','(165)030-1499x3312','2014-05-11 08:39:40','2021-04-28 20:33:14'),(4,'Quincy','Schumm','zboncak.etha@example.com','(783)168-7048x42857','2019-01-28 00:00:42','2021-04-28 20:33:14'),(5,'Lula','Stanton','josianne.ruecker@example.com','160-616-3834x37657','2013-06-07 07:38:07','2020-05-30 00:13:39'),(6,'Frances','Cole','zstark@example.com','099.124.3167x65552','2019-09-17 16:30:51','2019-12-18 18:15:46'),(7,'Darren','Brekke','camilla88@example.com','428-673-8030','2012-08-10 07:47:49','2019-07-03 02:32:46'),(8,'Hulda','Bahringer','vmacejkovic@example.net','1-269-042-4105','2012-01-21 14:35:57','2018-06-01 06:19:12'),(9,'Christopher','Waelchi','zora52@example.net','(550)770-1608x893','2014-10-18 17:28:45','2015-08-09 09:56:10'),(10,'Olga','Okuneva','towne.maybell@example.org','(272)765-4250x3074','2017-07-23 09:21:40','2021-04-28 20:33:14'),(11,'Dora','Dickens','littel.giovanna@example.org','1-836-810-1379x968','2012-08-24 06:06:21','2017-05-30 13:21:36'),(12,'Karina','Walsh','arne.bayer@example.net','1-354-745-4224x4619','2019-06-09 05:07:45','2020-01-07 11:35:42'),(13,'Terry','Heidenreich','marcelina27@example.net','876-690-9036x303','2015-06-04 05:36:37','2017-09-23 04:25:53'),(14,'Kaitlin','Dooley','ezequiel.kunze@example.com','396-388-2906x202','2018-01-06 10:32:05','2021-04-28 20:33:14'),(15,'Jaunita','Marvin','akoelpin@example.org','1-365-057-2211','2019-07-03 07:56:59','2021-04-28 20:33:14'),(16,'Jessika','Stroman','rolson@example.com','(815)771-0108','2017-05-19 10:24:39','2021-04-28 20:33:14'),(17,'Freddy','Cummerata','johns.iliana@example.net','(572)613-4616x130','2011-12-24 13:51:38','2014-05-12 15:34:48'),(18,'Cheyanne','Boyle','vcorwin@example.org','941.413.4739','2012-11-19 17:07:08','2016-03-15 02:43:12'),(19,'Madge','Casper','cole.rau@example.net','415-869-5151x198','2019-08-23 01:20:41','2021-04-28 20:33:14'),(20,'Lucie','Ondricka','imcdermott@example.org','(564)025-6574','2018-03-19 05:36:54','2020-01-07 19:47:11'),(21,'Domenick','Schumm','agnes36@example.com','1-861-662-4846x1048','2013-08-25 15:36:43','2016-09-01 14:17:59'),(22,'Easton','Murray','maxwell.stanton@example.com','182.812.0282x37698','2011-08-05 21:17:35','2019-07-14 17:37:26'),(23,'Jennyfer','Doyle','deon.kerluke@example.net','(114)751-5065x1267','2014-10-08 19:55:17','2021-04-28 20:33:14'),(24,'Kaci','Sipes','bahringer.nathanial@example.org','(601)779-1401x853','2013-08-13 12:47:14','2018-09-21 21:21:29'),(25,'Vincent','Oberbrunner','lindgren.jesse@example.net','590.650.2870','2015-06-02 11:25:10','2017-12-17 17:43:21'),(26,'Cristian','Bergstrom','josie17@example.net','348-715-1977x9550','2013-11-27 22:23:53','2016-04-27 21:54:35'),(27,'Rolando','Herzog','cassin.myrtice@example.org','628.701.7408','2011-08-04 04:29:14','2018-08-04 15:26:56'),(28,'Elmer','Pouros','madilyn21@example.org','(913)124-0239','2015-04-13 00:11:02','2020-03-07 07:32:24'),(29,'Ashtyn','Kessler','euna45@example.org','1-449-078-6964','2011-09-14 10:19:15','2019-07-07 03:23:31'),(30,'Dell','Schimmel','koby.von@example.com','650-962-0356','2012-05-21 11:46:17','2021-01-09 08:27:31'),(31,'Zora','Schultz','rheaney@example.org','+80(4)4163777714','2018-07-31 22:24:48','2021-04-28 20:33:14'),(32,'Ally','Mohr','summer.stamm@example.org','(171)114-8109x797','2011-09-28 13:40:16','2019-10-28 16:59:51'),(33,'Rex','Purdy','qborer@example.net','116-395-3297','2018-05-15 19:41:30','2021-04-28 20:33:14'),(34,'Ozella','Spinka','gleason.jeremy@example.com','07281117011','2018-11-13 06:45:37','2020-11-01 13:49:49'),(35,'Abigail','Bayer','nstroman@example.org','1-085-652-5860x1406','2011-06-04 11:04:09','2018-09-26 19:01:34'),(36,'Lambert','Gutkowski','jaydon.reichert@example.net','576-312-7853x29043','2012-02-06 22:33:47','2013-09-26 19:45:00'),(37,'Monserrat','Kilback','mrohan@example.org','(660)934-4084','2019-01-17 08:48:23','2019-10-16 09:32:51'),(38,'Brando','Kertzmann','ndeckow@example.org','(754)364-7646','2018-05-18 12:20:06','2021-04-28 20:33:14'),(39,'Kenneth','Johnson','rath.kiara@example.com','845.363.7586x5084','2016-03-30 03:58:46','2021-04-28 20:33:14'),(40,'Shana','Cummings','udouglas@example.org','819.197.9693x744','2017-08-31 15:13:20','2021-04-28 20:33:14'),(41,'Jules','Kuphal','enicolas@example.net','1-780-810-4416x996','2019-04-16 16:42:27','2021-04-28 20:33:14'),(42,'General','Mitchell','smith.leone@example.com','07186620773','2016-04-18 09:57:12','2021-04-28 20:33:14'),(43,'Ara','Purdy','drunolfsdottir@example.com','298.901.8916','2021-01-05 15:36:44','2021-04-28 20:33:14'),(44,'Fletcher','Hansen','prosacco.eddie@example.net','1-700-700-6789x03102','2013-04-29 04:20:02','2014-08-04 08:45:45'),(45,'Hattie','Harber','mkonopelski@example.net','611.762.2347x046','2012-05-19 08:38:21','2013-11-01 08:08:27'),(46,'Zoe','Baumbach','jaron.botsford@example.net','262.152.0499','2018-12-01 04:03:39','2021-04-28 20:33:14'),(47,'Zion','Schmeler','steuber.abdullah@example.com','(042)428-9207','2014-09-02 10:13:43','2018-03-19 18:50:18'),(48,'Alana','McDermott','rhea.sauer@example.net','798.827.3076x07479','2012-09-27 17:56:12','2018-05-26 20:36:11'),(49,'Esther','Schowalter','giovanny12@example.com','1-507-905-4671x4690','2016-10-06 14:11:16','2021-04-28 20:33:14'),(50,'Jamel','Gleichner','lester83@example.com','695-035-5994','2016-07-17 22:00:30','2018-01-25 16:02:04'),(51,'Brittany','Murazik','melissa79@example.net','01415176015','2017-03-27 05:29:58','2021-04-28 20:33:14'),(52,'Annabelle','Kub','gretchen.morar@example.net','1-353-554-9988x52929','2013-03-24 00:48:18','2014-10-31 07:01:31'),(53,'Joana','Nikolaus','reichel.audreanne@example.net','1-501-989-9593x09892','2013-11-09 14:18:39','2021-04-28 20:33:14'),(54,'Meda','Erdman','wehner.gloria@example.net','782.292.4520x03384','2013-02-16 04:23:00','2015-08-31 14:48:40'),(55,'Frida','Bergstrom','bettye.torphy@example.net','1-176-158-8022','2012-09-05 03:37:56','2015-04-18 06:37:43'),(56,'Winfield','Bernhard','xkshlerin@example.com','1-774-828-3208','2015-02-09 11:14:42','2021-04-28 20:33:14'),(57,'Everett','Lehner','cleora82@example.com','(906)233-6203','2015-08-16 11:38:45','2021-04-28 20:33:14'),(58,'Leonardo','Ebert','rippin.gerard@example.org','118.195.2992x4670','2019-04-11 01:11:03','2021-04-28 20:33:14'),(59,'Jettie','Torp','botsford.garret@example.com','1-446-245-5659x7457','2014-09-05 05:08:11','2017-09-03 06:16:53'),(60,'Makenzie','Bergnaum','monique.reynolds@example.org','1-485-915-5601x7080','2015-08-02 19:28:49','2017-08-10 17:02:47'),(61,'Benedict','Hane','goodwin.jovan@example.org','138-083-7267','2014-07-10 01:37:41','2015-08-19 13:03:25'),(62,'Alysa','Herzog','fmills@example.com','07443227304','2014-11-12 04:42:47','2019-09-19 02:05:01'),(63,'Webster','Bernhard','slindgren@example.net','(191)851-8082x1938','2015-04-11 01:32:36','2020-01-13 04:58:41'),(64,'Frances','Russel','evangeline89@example.com','(439)932-7385x43001','2015-04-07 23:32:13','2021-04-28 20:33:14'),(65,'Kamron','Cremin','dfriesen@example.org','1-811-818-1851','2015-02-05 14:29:18','2021-04-28 20:33:14'),(66,'Jacquelyn','Gaylord','leonel90@example.com','637.335.6133','2018-11-13 16:52:19','2021-04-28 20:33:14'),(67,'Anabelle','Beahan','eheller@example.org','(494)829-1895','2015-12-02 00:06:46','2019-02-03 19:06:06'),(68,'Adolph','Lemke','cornell37@example.net','581.796.6373x659','2017-11-02 18:01:39','2021-04-28 20:33:14'),(69,'Buford','Fadel','xruecker@example.org','1-234-936-6077x602','2012-06-21 02:32:14','2015-01-30 16:57:34'),(70,'Dewayne','Steuber','salvatore.collins@example.com','+20(4)8190557528','2018-06-01 10:50:09','2018-12-14 10:06:45'),(71,'Alvina','Bruen','crona.jeanie@example.org','+34(2)6762287736','2014-04-29 10:57:06','2017-10-10 01:58:21'),(72,'Alivia','Ledner','emmerich.everette@example.net','(163)942-6305','2016-08-08 09:56:30','2021-04-28 20:33:14'),(73,'Terrill','West','ngrant@example.com','(422)253-2045','2018-02-28 09:53:37','2021-04-28 20:33:14'),(74,'Easton','Goodwin','kertzmann.heath@example.net','846-969-9607x807','2015-12-06 19:05:43','2020-04-21 04:43:51'),(75,'Napoleon','Daugherty','christina36@example.com','1-555-618-0773','2011-06-16 16:28:48','2015-08-16 13:08:56'),(76,'Pansy','Ratke','fanny.treutel@example.com','730.252.7311x41918','2018-06-13 05:32:46','2021-04-28 20:33:14'),(77,'Laurence','Hilpert','zbeer@example.com','087.896.6105','2014-04-07 05:04:48','2016-08-05 23:02:17'),(78,'Manley','Friesen','heaney.donald@example.net','1-798-549-7816x91508','2015-06-02 00:44:52','2021-04-28 20:33:14'),(79,'Brandyn','Sawayn','william.mraz@example.net','320-134-6104x1154','2019-02-03 09:59:03','2020-12-26 07:26:31'),(80,'Tillman','Ziemann','phessel@example.net','(925)128-9057x5751','2020-06-15 05:57:15','2021-04-28 20:33:14'),(81,'Cristobal','Nitzsche','olegros@example.net','1-122-547-0709x4884','2014-08-04 18:26:29','2020-02-18 16:35:12'),(82,'Zane','Kirlin','bmayer@example.org','390-120-5362x067','2017-07-13 01:57:41','2020-05-14 01:51:14'),(83,'Keaton','Botsford','beer.lilyan@example.org','04168831432','2013-07-03 10:18:34','2021-04-28 20:33:14'),(84,'Aileen','Torp','tess.watsica@example.com','(430)919-9970x19139','2011-08-06 06:29:26','2019-10-28 22:03:56'),(85,'Ayden','Deckow','susie.herzog@example.com','01713452545','2014-07-14 15:45:10','2016-03-18 19:11:57'),(86,'Luciano','Gutkowski','yjerde@example.com','(821)489-4766','2011-11-28 14:11:18','2013-03-05 08:27:15'),(87,'Lillian','Stracke','idonnelly@example.com','(491)721-6273','2015-06-17 05:43:37','2021-04-28 20:33:14'),(88,'Amya','Lueilwitz','rae.huels@example.com','(493)348-2397x24676','2018-04-20 01:34:22','2021-04-28 20:33:14'),(89,'Eleanora','Gibson','fsporer@example.org','336-825-0593x1437','2018-02-20 17:48:42','2019-05-06 22:47:10'),(90,'Moses','Auer','mstrosin@example.com','1-720-692-0611x619','2019-12-31 10:57:51','2021-04-28 20:33:14'),(91,'Myra','Stehr','turcotte.jaren@example.org','1-265-600-5230','2021-04-09 14:10:15','2021-04-28 20:33:14'),(92,'Rahul','Skiles','katlynn18@example.org','1-686-592-7987','2021-04-19 05:32:19','2021-04-28 20:33:14'),(93,'Everette','Hirthe','huel.roderick@example.org','1-777-584-5056x48137','2018-11-21 10:37:09','2021-04-28 20:33:14'),(94,'Madisyn','Yost','brakus.alisha@example.org','05363523135','2020-05-10 12:30:08','2021-04-28 20:33:14'),(95,'Janie','Sanford','amira22@example.net','+35(8)0741438530','2016-09-30 04:58:24','2021-04-28 20:33:14'),(96,'Althea','Gibson','ckoepp@example.com','(743)194-6697','2019-04-24 10:01:05','2021-04-28 20:33:14'),(97,'Liam','Powlowski','mckenzie31@example.com','08707258632','2012-03-11 19:20:41','2020-12-18 08:26:07'),(98,'Stanford','Welch','cole.crooks@example.com','1-794-673-6937','2013-06-27 05:13:15','2019-02-09 11:23:04'),(99,'Eunice','Dietrich','sylvester49@example.org','355.851.8732x462','2012-01-24 17:12:05','2018-04-02 10:05:30'),(100,'Blanca','Barton','xorn@example.com','1-173-596-2499','2018-11-24 11:33:59','2020-05-11 11:50:11');
/*!40000 ALTER TABLE `users` ENABLE KEYS */;
UNLOCK TABLES;
/*!40103 SET TIME_ZONE=@OLD_TIME_ZONE */;

/*!40101 SET SQL_MODE=@OLD_SQL_MODE */;
/*!40014 SET FOREIGN_KEY_CHECKS=@OLD_FOREIGN_KEY_CHECKS */;
/*!40014 SET UNIQUE_CHECKS=@OLD_UNIQUE_CHECKS */;
/*!40101 SET CHARACTER_SET_CLIENT=@OLD_CHARACTER_SET_CLIENT */;
/*!40101 SET CHARACTER_SET_RESULTS=@OLD_CHARACTER_SET_RESULTS */;
/*!40101 SET COLLATION_CONNECTION=@OLD_COLLATION_CONNECTION */;
/*!40111 SET SQL_NOTES=@OLD_SQL_NOTES */;

-- Dump completed on 2021-04-28 21:53:41
